product_id,upc_id,product_name,category,subcategory,price,description,images,sku
75904100013,7.59E+11,"GO CAT WILD THING"" SHORT""",cat,Cat Toys,4.49,,"https://static.wixstatic.com/media/342ac5_ce816802996c4b35aeca2f6311054217.jpg/v1/fill/w_389,h_597,al_c,q_80,usm_0.66_1.00_0.01,enc_avif,quality_auto/342ac5_ce816802996c4b35aeca2f6311054217.jpg, https://static.wixstatic.com/media/342ac5_253c42d6a4664c558997999a72764860.jpg/v1/fill/w_213,h_287,al_c,q_80,usm_0.66_1.00_0.01,enc_avif,quality_auto/342ac5_253c42d6a4664c558997999a72764860.jpg",
75904100014,,GO CAT PEACOCK SPARKLER SMALL,cat,Cat Toys,4.99,,"https://static.wixstatic.com/media/342ac5_4412d38a73b34901a913c063042379c9.jpg/v1/fill/w_397,h_442,al_c,q_80,usm_0.66_1.00_0.01,enc_avif,quality_auto/342ac5_4412d38a73b34901a913c063042379c9.jpg, https://static.wixstatic.com/media/342ac5_9ab20b2af07d4bce9a9aead7fcef51c4.jpg/v1/fill/w_484,h_610,al_c,q_80,usm_0.66_1.00_0.01,enc_avif,quality_auto/342ac5_9ab20b2af07d4bce9a9aead7fcef51c4.jpg",
75904100015,,GO CAT SPARKLING TICKLER,cat,Cat Toys,4.49,,"https://static.wixstatic.com/media/342ac5_f73dba3f3de54ef295560e162d4cab13.jpg/v1/fill/w_329,h_419,al_c,q_80,usm_0.66_1.00_0.01,enc_avif,quality_auto/342ac5_f73dba3f3de54ef295560e162d4cab13.jpg, https://static.wixstatic.com/media/342ac5_c8fa519c798e4d6b9ce5a91a0171a441.jpg/v1/fill/w_302,h_419,al_c,q_80,usm_0.66_1.00_0.01,enc_avif,quality_auto/342ac5_c8fa519c798e4d6b9ce5a91a0171a441.jpg, https://static.wixstatic.com/media/342ac5_d79d5b73eca5480883aa0f78d0f24a7f.jpg/v1/fill/w_320,h_419,al_c,q_80,usm_0.66_1.00_0.01,enc_avif,quality_auto/342ac5_d79d5b73eca5480883aa0f78d0f24a7f.jpg",
75904100017,,"GO CAT 36 SPARKLING TICKLER""",cat,Cat Toys,6.99,,"https://static.wixstatic.com/media/342ac5_f73dba3f3de54ef295560e162d4cab13.jpg/v1/fill/w_329,h_419,al_c,q_80,usm_0.66_1.00_0.01,enc_avif,quality_auto/342ac5_f73dba3f3de54ef295560e162d4cab13.jpg, https://static.wixstatic.com/media/342ac5_c8fa519c798e4d6b9ce5a91a0171a441.jpg/v1/fill/w_302,h_419,al_c,q_80,usm_0.66_1.00_0.01,enc_avif,quality_auto/342ac5_c8fa519c798e4d6b9ce5a91a0171a441.jpg, https://static.wixstatic.com/media/342ac5_d79d5b73eca5480883aa0f78d0f24a7f.jpg/v1/fill/w_320,h_419,al_c,q_80,usm_0.66_1.00_0.01,enc_avif,quality_auto/342ac5_d79d5b73eca5480883aa0f78d0f24a7f.jpg",
75904100077,7.59E+11,CAT TAILS TOY SHORT HANDLE,cat,Cat Toys,4.99,,"https://static.wixstatic.com/media/342ac5_3fa335744b3c4f33aadaf851861129d5.jpg/v1/fill/w_388,h_691,al_c,q_80,usm_0.66_1.00_0.01,enc_avif,quality_auto/342ac5_3fa335744b3c4f33aadaf851861129d5.jpg, https://static.wixstatic.com/media/342ac5_c0f8bb5f7cb24af1ba18586c80126e0e.jpg/v1/fill/w_400,h_691,al_c,q_80,usm_0.66_1.00_0.01,enc_avif,quality_auto/342ac5_c0f8bb5f7cb24af1ba18586c80126e0e.jpg",
75904100100,,"GO CAT 36 CAT TAIL CAT TOY""",cat,Cat Toys,6.99,,"https://static.wixstatic.com/media/342ac5_3fa335744b3c4f33aadaf851861129d5.jpg/v1/fill/w_388,h_691,al_c,q_80,usm_0.66_1.00_0.01,enc_avif,quality_auto/342ac5_3fa335744b3c4f33aadaf851861129d5.jpg, https://static.wixstatic.com/media/342ac5_c0f8bb5f7cb24af1ba18586c80126e0e.jpg/v1/fill/w_400,h_691,al_c,q_80,usm_0.66_1.00_0.01,enc_avif,quality_auto/342ac5_c0f8bb5f7cb24af1ba18586c80126e0e.jpg",
75904100102,7.59E+11,"GO CAT 36 WILD THING""",cat,Cat Toys,6.99,,"https://static.wixstatic.com/media/342ac5_ce816802996c4b35aeca2f6311054217.jpg/v1/fill/w_389,h_597,al_c,q_80,usm_0.66_1.00_0.01,enc_avif,quality_auto/342ac5_ce816802996c4b35aeca2f6311054217.jpg, https://static.wixstatic.com/media/342ac5_253c42d6a4664c558997999a72764860.jpg/v1/fill/w_213,h_287,al_c,q_80,usm_0.66_1.00_0.01,enc_avif,quality_auto/342ac5_253c42d6a4664c558997999a72764860.jpg",
75904100103,7.59E+11,"GO CAT 36 CAT SPARKLER""",cat,Cat Toys,6.99,,"https://static.wixstatic.com/media/342ac5_ef4637166d1b41a392ef53bd02573016.jpg/v1/fill/w_478,h_564,al_c,q_80,usm_0.66_1.00_0.01,enc_avif,quality_auto/342ac5_ef4637166d1b41a392ef53bd02573016.jpg",
75904100105,7.59E+11,GO CAT DA BIRD ROD FEATHER TOYS,cat,Cat Toys,9.99,,"https://static.wixstatic.com/media/342ac5_d339828db36948c0b77c08fecee1395d.jpg/v1/fill/w_194,h_254,al_c,q_80,usm_0.66_1.00_0.01,enc_avif,quality_auto/342ac5_d339828db36948c0b77c08fecee1395d.jpg, https://static.wixstatic.com/media/342ac5_83f0f8ad1c2d4973816f97b61b1de560~mv2.jpg/v1/fill/w_177,h_177,al_c,q_80,usm_0.66_1.00_0.01,enc_avif,quality_auto/342ac5_83f0f8ad1c2d4973816f97b61b1de560~mv2.jpg, https://static.wixstatic.com/media/342ac5_d95e59042beb46c5b5c282b340a2b284~mv2_d_2000_2000_s_2.jpg/v1/fill/w_177,h_177,al_c,q_80,usm_0.66_1.00_0.01,enc_avif,quality_auto/342ac5_d95e59042beb46c5b5c282b340a2b284~mv2_d_2000_2000_s_2.jpg",
75904100179,7.59E+11,"GO CAT 36 SPARKLING KITTY DUSTER""",cat,Cat Toys,6.99,,"https://static.wixstatic.com/media/342ac5_2343806191324ac6895c95bff567ad93.jpg/v1/fill/w_427,h_562,al_c,q_80,usm_0.66_1.00_0.01,enc_avif,quality_auto/342ac5_2343806191324ac6895c95bff567ad93.jpg, https://static.wixstatic.com/media/342ac5_32abc16c2a934390a0ad0a30b04f26c4.jpg/v1/fill/w_462,h_562,al_c,q_80,usm_0.66_1.00_0.01,enc_avif,quality_auto/342ac5_32abc16c2a934390a0ad0a30b04f26c4.jpg",
75904100011,7.59E+11,GO CAT FELINE FLIER DA BIRD REFILL,cat,Cat Toys,5.99,,"https://static.wixstatic.com/media/342ac5_3a629cbe23cd49deaac3356ca991af64.jpg/v1/fill/w_192,h_146,al_c,q_80,usm_0.66_1.00_0.01,enc_avif,quality_auto/342ac5_3a629cbe23cd49deaac3356ca991af64.jpg",
75904100075,,GO CAT KITTY DUSTER FEATHER TOY,cat,Cat Toys,3.99,,"https://static.wixstatic.com/media/342ac5_2343806191324ac6895c95bff567ad93.jpg/v1/fill/w_427,h_562,al_c,q_80,usm_0.66_1.00_0.01,enc_avif,quality_auto/342ac5_2343806191324ac6895c95bff567ad93.jpg, https://static.wixstatic.com/media/342ac5_32abc16c2a934390a0ad0a30b04f26c4.jpg/v1/fill/w_462,h_562,al_c,q_80,usm_0.66_1.00_0.01,enc_avif,quality_auto/342ac5_32abc16c2a934390a0ad0a30b04f26c4.jpg",
75904100180,7.59E+11,GO CAT DA FUR THING,cat,Cat Toys,5.99,,"https://static.wixstatic.com/media/342ac5_240b872f88ca48e8a3a977d1704a574e.jpg/v1/fill/w_378,h_462,al_c,q_80,usm_0.66_1.00_0.01,enc_avif,quality_auto/342ac5_240b872f88ca48e8a3a977d1704a574e.jpg",
75904100020,7.59E+11,GO CAT DA BIRD SUPER BIRD REFILL,cat,Cat Toys,5.99,,"https://static.wixstatic.com/media/342ac5_3a629cbe23cd49deaac3356ca991af64.jpg/v1/fill/w_192,h_146,al_c,q_80,usm_0.66_1.00_0.01,enc_avif,quality_auto/342ac5_3a629cbe23cd49deaac3356ca991af64.jpg",
75904100110,7.59E+11,GO CAT FUR PONG CAT TOY,cat,Cat Toys,4.99,,"https://static.wixstatic.com/media/342ac5_67ef4aa3452e44e1af34026e4b1fdfea.jpg/v1/fill/w_267,h_167,al_c,q_80,usm_0.66_1.00_0.01,enc_avif,quality_auto/342ac5_67ef4aa3452e44e1af34026e4b1fdfea.jpg",
75904100159,,GO CAT FEATHER PONG CAT TOY,cat,Cat Toys,4.99,,"https://static.wixstatic.com/media/342ac5_44bdeffea63c406a84efe44ecb820d9e.jpg/v1/fill/w_124,h_167,al_c,q_80,usm_0.66_1.00_0.01,enc_avif,quality_auto/342ac5_44bdeffea63c406a84efe44ecb820d9e.jpg",
75904100111,7.59E+11,GO CAT CAT CATCHER CAT TOY,cat,Cat Toys,9.99,,"https://static.wixstatic.com/media/342ac5_c09e59dc6de947ff9a77ee4ed0a710df~mv2_d_2000_2000_s_2.jpg/v1/fill/w_185,h_187,al_c,q_80,usm_0.66_1.00_0.01,enc_avif,quality_auto/342ac5_c09e59dc6de947ff9a77ee4ed0a710df~mv2_d_2000_2000_s_2.jpg",
75904100113,7.59E+11,GO CAT LURE REFILL,cat,Cat Toys,7.99,,"https://static.wixstatic.com/media/342ac5_1fa416da18be48ef87045d720a580d3b~mv2_d_2426_2039_s_2.jpg/v1/fill/w_185,h_148,al_c,q_80,usm_0.66_1.00_0.01,enc_avif,quality_auto/342ac5_1fa416da18be48ef87045d720a580d3b~mv2_d_2426_2039_s_2.jpg",
75904100182,7.59E+11,GO CAT KITTY KOPTER TOY,cat,Cat Toys,5.99,,"https://static.wixstatic.com/media/342ac5_bad583873515415586097a1710710271.jpg/v1/fill/w_191,h_167,al_c,q_80,usm_0.66_1.00_0.01,enc_avif,quality_auto/342ac5_bad583873515415586097a1710710271.jpg",
75904100265,7.59E+11,GO CAT KITTY PUFF CAT TOY,cat,Cat Toys,4.99,,"https://static.wixstatic.com/media/342ac5_c217b441faf847768ac396fcba551953.jpg/v1/fill/w_155,h_208,al_c,q_80,usm_0.66_1.00_0.01,enc_avif,quality_auto/342ac5_c217b441faf847768ac396fcba551953.jpg",
75904100158,7.59E+11,GO CAT DA BALL CAT TOY,cat,Cat Toys,7.99,,"https://static.wixstatic.com/media/c13ecc_f3e11a42c2d54b4987a4a335a7570309~mv2.webp/v1/fill/w_139,h_292,al_c,q_80,enc_avif,quality_auto/c13ecc_f3e11a42c2d54b4987a4a335a7570309~mv2.webp",
75904100114,,"GO CAT 36 PEACOCK SPARKLER""",cat,Cat Toys,8.99,,"https://static.wixstatic.com/media/342ac5_4412d38a73b34901a913c063042379c9.jpg/v1/fill/w_184,h_199,al_c,q_80,usm_0.66_1.00_0.01,enc_avif,quality_auto/342ac5_4412d38a73b34901a913c063042379c9.jpg",
75904100507,7.59E+11,GO CAT REFILL DA FEATHER MOUSE,cat,Cat Toys,6.99,,"https://static.wixstatic.com/media/342ac5_2fb53ff6cc6345039ef0f78e71f49843~mv2_d_1500_1393_s_2.jpg/v1/fill/w_185,h_174,al_c,q_80,usm_0.66_1.00_0.01,enc_avif,quality_auto/342ac5_2fb53ff6cc6345039ef0f78e71f49843~mv2_d_1500_1393_s_2.jpg",
75904100272,7.59E+11,GO CAT DA PURR-PELLER,cat,Cat Toys,10.99,,"https://static.wixstatic.com/media/342ac5_9960fceb1c264c1bacab78dc9f796788.jpg/v1/fill/w_135,h_187,al_c,q_80,usm_0.66_1.00_0.01,enc_avif,quality_auto/342ac5_9960fceb1c264c1bacab78dc9f796788.jpg",
75904100273,,GO CAT DA REFILL PURR-PELLER,cat,Cat Toys,6.99,,"https://static.wixstatic.com/media/342ac5_56a75ef9ee844927a045d9920d9a661b.jpg/v1/fill/w_169,h_174,al_c,q_80,usm_0.66_1.00_0.01,enc_avif,quality_auto/342ac5_56a75ef9ee844927a045d9920d9a661b.jpg",
75904100508,7.59E+11,GO CAT REFILL DA FISH,cat,Cat Toys,6.99,,"https://static.wixstatic.com/media/342ac5_7bd2194b1c5949cba69a9bd7795076dd~mv2_d_2348_1795_s_2.jpg/v1/fill/w_196,h_148,al_c,q_80,usm_0.66_1.00_0.01,enc_avif,quality_auto/342ac5_7bd2194b1c5949cba69a9bd7795076dd~mv2_d_2348_1795_s_2.jpg",
75904100506,,GO CAT REFILL DA DRAGONFLY,cat,Cat Toys,6.99,,"https://static.wixstatic.com/media/342ac5_b9d1f6e506e2486e88ddbd0d24aefabf~mv2_d_3033_2016_s_2.jpg/v1/fill/w_196,h_132,al_c,q_80,usm_0.66_1.00_0.01,enc_avif,quality_auto/342ac5_b9d1f6e506e2486e88ddbd0d24aefabf~mv2_d_3033_2016_s_2.jpg",
75904100505,7.59E+11,GO CAT DA OCTOPUS REFILL,cat,Cat Toys,6.99,,"https://static.wixstatic.com/media/342ac5_1ea53b1d34ec413486586439267cb986~mv2_d_2434_3118_s_4_2.jpg/v1/fill/w_155,h_192,al_c,q_80,usm_0.66_1.00_0.01,enc_avif,quality_auto/342ac5_1ea53b1d34ec413486586439267cb986~mv2_d_2434_3118_s_4_2.jpg",
75904100504,7.59E+11,GO CAT REFILL DA BIRDIE,cat,Cat Toys,7.99,,"https://static.wixstatic.com/media/342ac5_f43d1bc0e1cd49f59952f7195bcbc3d8~mv2_d_3419_2362_s_2.jpg/v1/fill/w_169,h_120,al_c,q_80,usm_0.66_1.00_0.01,enc_avif,quality_auto/342ac5_f43d1bc0e1cd49f59952f7195bcbc3d8~mv2_d_3419_2362_s_2.jpg",
75904100106,,GO CAT DA BIRD PULL-A-PART,cat,Cat Toys,9.99,,"https://www.mickeyspetsupplies.com/wp-content/uploads/2020/08/gocatpullapart.jpeg, https://www.mickeyspetsupplies.com/wp-content/uploads/2020/08/gocatpullapart2.webp",
FP,,GO CAT FUR PONG BULK,cat,Cat Toys,3.99,,,
GCDATHINGB,,GO CAT TOY DA THING BULK,cat,Cat Toys,3.99,,,
75904100108,7.59E+11,GO CAT FELINE FLIER,cat,Cat Toys,6.99,,,
75904100109,7.59E+11,GOCAT TOY DA BEE,cat,Cat Toys,9.99,,"https://static.wixstatic.com/media/342ac5_7d061d0c574948fb85700e9961e1bbf8~mv2_d_2379_2425_s_2.jpg/v1/fill/w_155,h_148,al_c,q_80,usm_0.66_1.00_0.01,enc_avif,quality_auto/342ac5_7d061d0c574948fb85700e9961e1bbf8~mv2_d_2379_2425_s_2.jpg",
68985591304,6.90E+11,GO CAT DA LASER BLACK,cat,Cat Toys,5.99,,,
68985591301,6.90E+11,GO CAT DA LASER BLUE,cat,Cat Toys,5.99,,,
75904100012,7.59E+11,GO CAT REFILL DA RAT,cat,Cat Toys,6.99,,"https://static.wixstatic.com/media/342ac5_0df48883ef184d258d28bc87c94080a5~mv2_d_2805_3000_s_4_2.jpg/v1/fill/w_155,h_166,al_c,q_80,usm_0.66_1.00_0.01,enc_avif,quality_auto/342ac5_0df48883ef184d258d28bc87c94080a5~mv2_d_2805_3000_s_4_2.jpg",
75904100501,7.59E+11,GO CAT DA REFILL BEE,cat,Cat Toys,7.99,,"https://static.wixstatic.com/media/342ac5_7d061d0c574948fb85700e9961e1bbf8~mv2_d_2379_2425_s_2.jpg/v1/fill/w_155,h_148,al_c,q_80,usm_0.66_1.00_0.01,enc_avif,quality_auto/342ac5_7d061d0c574948fb85700e9961e1bbf8~mv2_d_2379_2425_s_2.jpg",
6.80E+11,6.80E+11,GO CAT DA FISH ZEBRA REFILL,cat,Cat Toys,5.99,,"https://static.wixstatic.com/media/342ac5_7bd2194b1c5949cba69a9bd7795076dd~mv2_d_2348_1795_s_2.jpg/v1/fill/w_196,h_148,al_c,q_80,usm_0.66_1.00_0.01,enc_avif,quality_auto/342ac5_7bd2194b1c5949cba69a9bd7795076dd~mv2_d_2348_1795_s_2.jpg",
75904100502,7.59E+11,GO CAT DA FISH ZEBRA,cat,Cat Toys,10.99,,"https://static.wixstatic.com/media/c13ecc_93a74c4daceb4fe4a201868d2e9f855a~mv2.jpg/v1/fill/w_142,h_187,al_c,q_80,usm_0.66_1.00_0.01,enc_avif,quality_auto/c13ecc_93a74c4daceb4fe4a201868d2e9f855a~mv2.jpg",
75904100018,7.59E+11,GO CAT SPARKLER,cat,Cat Toys,3.99,,"https://static.wixstatic.com/media/c13ecc_6d4bf41bc8c949da8733b8db30685be2~mv2.jpg/v1/fill/w_202,h_215,al_c,q_80,usm_0.66_1.00_0.01,enc_avif,quality_auto/c13ecc_6d4bf41bc8c949da8733b8db30685be2~mv2.jpg",
75904100079,7.59E+11,GO CAT SPARKLING KITTY DUSTER,cat,Cat Toys,4.49,,"https://static.wixstatic.com/media/c13ecc_6d4bf41bc8c949da8733b8db30685be2~mv2.jpg/v1/fill/w_202,h_215,al_c,q_80,usm_0.66_1.00_0.01,enc_avif,quality_auto/c13ecc_6d4bf41bc8c949da8733b8db30685be2~mv2.jpg",
GCCB,,GO CAT CRINKLE BALL LG,cat,Cat Toys,2.99,,,
75904100181,7.59E+11,GO CAT BAT AROUND FURBALL 3PK,cat,Cat Toys,3.99,,"https://static.wixstatic.com/media/342ac5_7f461e42e8374a35b88c3b93d92ca82a.jpg/v1/fill/w_124,h_167,al_c,q_80,usm_0.66_1.00_0.01,enc_avif,quality_auto/342ac5_7f461e42e8374a35b88c3b93d92ca82a.jpg",
68016897851,6.80E+11,GO CAT SUPER ROD,cat,Cat Toys,4.99,,"https://static.wixstatic.com/media/342ac5_1d9b8dcdfd4e4fea8d5b8ff21967e99b~mv2_d_1589_4417_s_2.jpg/v1/fill/w_135,h_379,al_c,q_80,usm_0.66_1.00_0.01,enc_avif,quality_auto/342ac5_1d9b8dcdfd4e4fea8d5b8ff21967e99b~mv2_d_1589_4417_s_2.jpg",
75904100175,7.59E+11,GO CAT CATNIP PILLOW,cat,Cat Toys,3.99,,"https://static.wixstatic.com/media/342ac5_4239a38d9fae49288ee79d04f7ed8c70.jpg/v1/fill/w_223,h_167,al_c,q_80,usm_0.66_1.00_0.01,enc_avif,quality_auto/342ac5_4239a38d9fae49288ee79d04f7ed8c70.jpg",
75904100270,7.59E+11,GO CAT SPARKLER ACCESSORY,cat,Cat Toys,3.99,,"https://static.wixstatic.com/media/342ac5_90ceedb6f16d449c8d2bca664ec425e9~mv2_d_2439_2000_s_2.jpg/v1/fill/w_192,h_154,al_c,q_80,usm_0.66_1.00_0.01,enc_avif,quality_auto/342ac5_90ceedb6f16d449c8d2bca664ec425e9~mv2_d_2439_2000_s_2.jpg",
75904100602,7.59E+11,GO CAT DA CATAPILLA,cat,Cat Toys,6.99,,"https://static.wixstatic.com/media/c13ecc_e1bfc1c693ac4250bde7b27a67c625dd~mv2.jpeg/v1/fill/w_130,h_257,al_c,q_80,usm_0.66_1.00_0.01,enc_avif,quality_auto/c13ecc_e1bfc1c693ac4250bde7b27a67c625dd~mv2.jpeg",
75904100010,7.59041E+11,GO CAT DA BIRD TOY,cat,Cat Toys,8.99,,"https://static.wixstatic.com/media/342ac5_d339828db36948c0b77c08fecee1395d.jpg/v1/fill/w_194,h_254,al_c,q_80,usm_0.66_1.00_0.01,enc_avif,quality_auto/342ac5_d339828db36948c0b77c08fecee1395d.jpg, https://static.wixstatic.com/media/342ac5_83f0f8ad1c2d4973816f97b61b1de560~mv2.jpg/v1/fill/w_177,h_177,al_c,q_80,usm_0.66_1.00_0.01,enc_avif,quality_auto/342ac5_83f0f8ad1c2d4973816f97b61b1de560~mv2.jpg, https://static.wixstatic.com/media/342ac5_d95e59042beb46c5b5c282b340a2b284~mv2_d_2000_2000_s_2.jpg/v1/fill/w_177,h_177,al_c,q_80,usm_0.66_1.00_0.01,enc_avif,quality_auto/342ac5_d95e59042beb46c5b5c282b340a2b284~mv2_d_2000_2000_s_2.jpg",
